Model	df	logLik	AIC	BIC
1	JC	19	-5149.27355183486	10336.5471036697	10432.049213035
2	F81	22	-5134.61867615097	10313.2373523019	10423.8187420933
3	K80	20	-5032.72608994456	10105.4521798891	10205.9807160631
4	HKY	23	-5020.52842119233	10087.0568423847	10202.6646589847
5	SYM	24	-5027.33615857106	10102.6723171421	10223.3065605509
6	GTR	27	-5014.67643930331	10083.3528786066	10219.0664024415
