Model	df	logLik	AIC	BIC
1	JC	19	-5836.65497377441	11711.3099475488	11815.3844281696
2	F81	22	-5833.96677424149	11711.933548483	11832.4408418333
3	K80	20	-5776.41083222422	11592.8216644484	11702.3737493124
4	HKY	23	-5773.19118611173	11592.3823722235	11718.367269817
5	SYM	24	-5743.93630230678	11535.8726046136	11667.3351064503
6	GTR	27	-5734.62913210192	11523.2582642038	11671.1535787702
