Model	df	logLik	AIC	BIC
1	JC	17	-13257.8365111456	26549.6730222912	26662.7582747425
2	F81	20	-13174.8532840317	26389.7065680634	26522.7480415356
3	K80	18	-13006.7054527311	26049.4109054622	26169.1482315872
4	HKY	21	-12915.6122043361	25873.2244086723	26012.9179558181
5	SYM	22	-12989.5197654929	26023.0395309858	26169.3851518052
6	GTR	25	-12904.093180493	25858.186360986	26024.4882028263
